index,Centre Airbag-Driver,Vulnerable Road Users,Centre Airbag-Passenger,Tested Model,VIN From Which Rating Applies,Centre Airbag-Rear,Adult Occupant,Safety Assist,Year Of Publication,Class,Lane Assist System,Kerb Weight,AEB Vulnerable Road Users,Isofix/i-Size-Passenger,Child Occupant,Knee Airbag-Rear,Rate
172,0.0,54.0,0.0,40.0,97.0,0,87.0,63.0,2019.0,10.0,1.0,1199.0,0.0,0.0,86.0,1,4.0
11,0.0,68.0,0.0,29.0,199.0,0,87.0,88.0,2022.0,10.0,1.0,1423.0,0.0,1.0,87.0,0,5.0
20,2.0,78.0,2.0,170.0,46.0,0,76.0,65.0,2022.0,8.0,1.0,1397.0,0.0,1.0,84.0,0,4.0
303,0.0,70.84862385321101,0.0,214.0,4.0,0,85.0,25.0,2016.0,6.0,3.0,2050.0,0.0,1.0,82.0,1,3.0
72,0.0,83.0,1.0,113.0,197.0,0,91.0,91.0,2022.0,10.0,1.0,1810.0,0.0,1.0,87.0,0,5.0
223,0.0,70.84862385321101,0.0,59.0,27.0,0,76.0,29.0,2017.0,9.0,3.0,1606.0,0.0,1.0,60.0,1,3.0
192,0.0,79.0,0.0,194.0,245.0,0,97.0,79.0,2019.0,5.0,1.0,1524.0,0.0,0.0,84.0,1,5.0
155,0.0,59.0,0.0,230.0,230.0,0,89.0,62.0,2019.0,3.0,1.0,1709.0,0.0,1.0,78.0,1,4.0
247,0.0,70.84862385321101,0.0,188.0,57.0,0,95.0,60.0,2017.0,10.0,2.0,1112.0,0.0,1.0,80.0,1,5.0
226,0.0,70.84862385321101,0.0,94.0,120.0,0,93.0,72.0,2017.0,10.0,1.0,1874.0,0.0,1.0,85.0,1,5.0
281,0.0,70.84862385321101,0.0,53.0,291.0,0,66.0,27.0,2017.0,12.0,2.0,865.0,0.0,1.0,49.0,1,3.0
94,2.0,76.0,2.0,79.0,63.0,1,76.0,67.0,2021.0,10.0,1.0,1230.0,0.0,1.0,82.0,1,4.0
105,2.0,57.0,2.0,34.0,69.0,1,80.0,63.0,2021.0,8.0,1.0,1305.0,0.0,1.0,83.0,0,4.0
120,0.0,63.0,0.0,107.0,290.0,1,82.0,87.0,2020.0,5.0,1.0,1847.0,0.0,1.0,85.0,0,5.0
79,0.0,69.0,0.0,236.0,251.0,0,84.0,79.0,2021.0,9.0,1.0,1767.0,0.0,2.0,82.0,1,5.0
178,0.0,74.0,0.0,206.0,192.0,0,96.0,94.0,2019.0,2.0,1.0,1760.0,0.0,1.0,86.0,1,5.0
304,0.0,70.84862385321101,0.0,214.0,10.0,0,93.0,63.0,2016.0,6.0,0.0,2050.0,0.0,1.0,82.0,1,5.0
166,0.0,91.0,0.0,25.0,274.0,0,97.0,76.0,2019.0,7.0,1.0,1495.0,0.0,0.0,87.0,0,5.0
125,0.0,71.0,0.0,226.0,147.0,1,87.0,88.0,2020.0,8.0,1.0,1857.0,0.0,0.0,89.0,0,5.0
263,0.0,70.84862385321101,0.0,185.0,169.0,0,90.0,75.0,2017.0,4.0,1.0,1623.0,0.0,1.0,79.0,1,5.0
210,0.0,58.0,0.0,172.0,221.0,0,91.0,68.0,2018.0,9.0,1.0,1510.0,0.0,1.0,81.0,1,4.0
215,0.0,72.0,0.0,58.0,123.0,0,85.0,75.0,2018.0,8.0,1.0,1312.0,0.0,1.0,87.0,1,5.0
289,0.0,70.84862385321101,0.0,55.0,118.0,0,85.0,89.0,2016.0,4.0,1.0,1970.0,0.0,1.0,76.0,0,5.0
231,0.0,70.84862385321101,0.0,161.0,162.0,0,61.0,25.0,2017.0,12.0,3.0,920.0,0.0,1.0,60.0,0,3.0
185,0.0,85.0,0.0,216.0,217.0,0,93.0,77.0,2019.0,10.0,1.0,1730.0,0.0,1.0,87.0,1,5.0
203,0.0,74.0,0.0,241.0,255.0,0,96.0,76.0,2018.0,2.0,1.0,1844.0,0.0,2.0,84.0,1,5.0
26,0.0,66.0,0.0,81.0,149.0,0,97.0,90.0,2022.0,2.0,1.0,1910.0,0.0,1.0,87.0,0,5.0
12,2.0,70.0,2.0,66.0,125.0,0,75.0,69.0,2022.0,12.0,1.0,1334.0,0.0,1.0,84.0,0,4.0
31,0.0,74.0,2.0,153.0,55.0,0,86.0,93.0,2022.0,10.0,1.0,1914.0,0.0,1.0,89.0,1,5.0
204,0.0,58.0,0.0,172.0,65.0,0,91.0,68.0,2018.0,9.0,1.0,1510.0,0.0,1.0,81.0,1,4.0
270,0.0,70.84862385321101,0.0,222.0,58.0,0,96.0,82.0,2017.0,1.0,1.0,1625.0,0.0,1.0,85.0,1,5.0
246,0.0,70.84862385321101,0.0,163.0,93.0,0,85.0,57.0,2017.0,9.0,1.0,1163.0,0.0,1.0,84.0,1,5.0
268,0.0,70.84862385321101,0.0,90.0,5.0,0,93.0,69.0,2017.0,2.0,1.0,1460.0,0.0,1.0,85.0,1,5.0
42,0.0,83.0,0.0,48.0,112.0,0,95.0,81.0,2022.0,1.0,1.0,2355.0,0.0,1.0,91.0,0,5.0
147,0.0,55.0,0.0,98.0,219.0,0,82.0,58.0,2019.0,11.0,1.0,1484.0,0.0,1.0,84.0,1,3.0
238,0.0,70.84862385321101,0.0,74.0,82.0,0,92.0,88.0,2017.0,8.0,1.0,1292.0,0.0,1.0,75.0,1,5.0
127,0.0,78.0,0.0,145.0,110.0,0,95.0,74.0,2019.0,10.0,1.0,2090.0,0.0,1.0,91.0,1,5.0
33,0.0,71.0,0.0,247.0,288.0,0,96.0,88.0,2022.0,10.0,1.0,1820.0,0.0,0.0,89.0,0,5.0
216,0.0,71.0,0.0,242.0,268.0,0,97.0,76.0,2018.0,10.0,1.0,1680.0,0.0,2.0,87.0,1,5.0
181,0.0,82.0,0.0,115.0,254.0,0,96.0,77.0,2019.0,11.0,1.0,1580.0,0.0,1.0,85.0,1,5.0
285,0.0,70.84862385321101,0.0,63.0,195.0,0,72.0,16.0,2017.0,7.0,2.0,1768.0,0.0,1.0,32.0,0,2.0
276,0.0,70.84862385321101,0.0,205.0,240.0,0,88.0,44.0,2017.0,12.0,2.0,855.0,0.0,1.0,75.0,1,4.0
41,0.0,69.0,0.0,28.0,53.0,0,91.0,74.0,2022.0,10.0,1.0,1750.0,0.0,0.0,89.0,0,5.0
95,0.0,63.0,0.0,80.0,148.0,0,88.0,88.0,2021.0,10.0,1.0,1910.0,0.0,1.0,86.0,1,5.0
169,0.0,75.0,0.0,146.0,111.0,0,96.0,75.0,2019.0,10.0,1.0,2495.0,0.0,1.0,90.0,1,5.0
173,0.0,64.0,0.0,40.0,96.0,0,96.0,76.0,2019.0,10.0,1.0,1199.0,0.0,0.0,86.0,1,5.0
229,0.0,70.84862385321101,0.0,106.0,237.0,0,93.0,59.0,2017.0,8.0,0.0,1070.0,0.0,1.0,84.0,1,5.0
29,2.0,69.0,2.0,179.0,182.0,0,85.0,82.0,2022.0,4.0,1.0,2727.0,0.0,1.0,85.0,0,5.0
243,0.0,70.84862385321101,0.0,202.0,271.0,0,94.0,68.0,2017.0,8.0,1.0,1462.0,0.0,1.0,89.0,1,5.0
54,0.0,79.0,0.0,244.0,85.0,0,91.0,94.0,2022.0,4.0,1.0,2365.0,0.0,1.0,87.0,0,5.0
80,0.0,76.0,0.0,237.0,258.0,1,93.0,85.0,2021.0,10.0,1.0,2029.0,0.0,0.0,89.0,0,5.0
71,2.0,67.0,2.0,17.0,34.0,0,82.0,64.0,2022.0,8.0,1.0,1682.0,0.0,1.0,81.0,1,4.0
245,0.0,70.84862385321101,0.0,148.0,117.0,0,97.0,71.0,2017.0,10.0,1.0,1425.0,0.0,1.0,78.0,1,5.0
30,0.0,73.0,0.0,152.0,116.0,0,91.0,95.0,2022.0,1.0,1.0,2379.0,0.0,1.0,87.0,0,5.0
19,2.0,75.0,2.0,124.0,179.0,0,83.0,78.0,2022.0,8.0,1.0,1685.0,0.0,1.0,80.0,0,5.0
75,0.0,71.0,0.0,229.0,244.0,0,94.0,70.0,2022.0,10.0,1.0,1216.0,0.0,0.0,84.0,1,5.0
137,0.0,64.0,0.0,123.0,275.0,0,90.0,70.0,2019.0,8.0,1.0,1491.0,0.0,1.0,85.0,1,5.0
275,0.0,70.84862385321101,0.0,205.0,239.0,0,83.0,25.0,2017.0,12.0,2.0,855.0,0.0,1.0,75.0,1,3.0
218,0.0,70.84862385321101,0.0,2.0,136.0,0,72.0,25.0,2017.0,8.0,2.0,1355.0,0.0,1.0,56.0,1,3.0
144,0.0,71.0,0.0,12.0,214.0,0,92.0,72.0,2019.0,4.0,1.0,2165.0,0.0,2.0,86.0,0,5.0
107,0.0,66.0,0.0,72.0,135.0,1,91.0,88.0,2021.0,4.0,1.0,2070.0,0.0,1.0,87.0,0,5.0
53,0.0,82.0,0.0,150.0,194.0,0,97.0,98.0,2022.0,10.0,1.0,1979.0,0.0,1.0,87.0,0,5.0
22,0.0,60.0,2.0,225.0,146.0,0,92.0,90.0,2022.0,3.0,1.0,2384.0,0.0,1.0,87.0,0,5.0
